ticker,date,avg_sentiment,tweet_volume,has_sentiment
AAPL,2020-01-01,0.0,1,1
AAPL,2020-01-02,0.341875,8,1
AAPL,2020-01-03,0.008516666666666667,6,1
AAPL,2020-01-06,0.7793,2,1
AAPL,2020-01-07,0.022933333333333344,3,1
AAPL,2020-01-08,-0.09718333333333334,6,1
AAPL,2020-01-09,0.1531,4,1
AAPL,2020-01-10,0.44344999999999996,4,1
AAPL,2020-01-11,0.0,1,1
AAPL,2020-01-12,0.21075,2,1
AAPL,2020-01-13,0.023675,4,1
AAPL,2020-01-14,0.49735,4,1
AAPL,2020-01-15,0.27135714285714285,7,1
AAPL,2020-01-16,-0.11315,2,1
AAPL,2020-01-17,0.21216666666666664,3,1
AAPL,2020-01-19,-0.13035,2,1
AAPL,2020-01-21,0.0,1,1
AAPL,2020-01-23,0.08333333333333333,3,1
AAPL,2020-01-24,0.0,1,1
AAPL,2020-01-25,0.4588,1,1
AAPL,2020-01-27,0.11158000000000001,5,1
AAPL,2020-01-28,0.2123230769230769,13,1
AAPL,2020-01-29,0.25394285714285714,7,1
AAPL,2020-01-30,-0.33525,2,1
AAPL,2020-01-31,0.31788333333333335,6,1
AAPL,2020-02-01,0.26113333333333333,3,1
AAPL,2020-02-02,-0.04254999999999998,2,1
AAPL,2020-02-03,0.11373333333333334,3,1
AAPL,2020-02-04,0.0,1,1
AAPL,2020-02-05,0.4164,2,1
AAPL,2020-02-06,-0.07244999999999999,2,1
AAPL,2020-02-07,0.08086666666666666,3,1
AAPL,2020-02-08,0.3365,1,1
AAPL,2020-02-09,-0.511,2,1
AAPL,2020-02-10,-0.2986,3,1
AAPL,2020-02-11,-0.5374,1,1
AAPL,2020-02-12,0.3878,3,1
AAPL,2020-02-14,-0.14405,2,1
AAPL,2020-02-17,-0.2455,4,1
AAPL,2020-02-18,-0.1950285714285714,7,1
AAPL,2020-02-19,0.4726666666666666,3,1
AAPL,2020-02-20,0.34303333333333336,3,1
AAPL,2020-02-21,0.016300000000000005,7,1
AAPL,2020-02-23,0.296,1,1
AAPL,2020-02-24,-0.16380000000000003,6,1
AAPL,2020-02-25,-0.021800000000000003,6,1
AAPL,2020-02-26,-0.01873333333333334,6,1
AAPL,2020-02-27,0.34,1,1
AAPL,2020-02-28,0.1227,7,1
AAPL,2020-02-29,-0.1812,1,1
AAPL,2020-03-01,0.4404,1,1
AAPL,2020-03-02,0.2454185185185185,27,1
AAPL,2020-03-03,0.08005000000000001,12,1
AAPL,2020-03-04,0.1693,8,1
AAPL,2020-03-05,0.03221111111111111,9,1
AAPL,2020-03-06,0.15052857142857143,7,1
AAPL,2020-03-07,0.0,1,1
AAPL,2020-03-08,-0.6486,1,1
AAPL,2020-03-09,0.15029999999999996,7,1
AAPL,2020-03-10,-0.09330000000000001,7,1
AAPL,2020-03-11,0.006240000000000001,5,1
AAPL,2020-03-12,0.1267,7,1
AAPL,2020-03-13,-0.10738571428571429,7,1
AAPL,2020-03-14,0.07543333333333334,3,1
AAPL,2020-03-15,0.022266666666666674,3,1
AAPL,2020-03-16,-0.12341428571428571,14,1
AAPL,2020-03-17,0.1524,10,1
AAPL,2020-03-18,0.20932222222222224,9,1
AAPL,2020-03-19,0.14258,5,1
AAPL,2020-03-20,-0.10206,5,1
AAPL,2020-03-21,-0.20095,2,1
AAPL,2020-03-22,-0.17020000000000002,3,1
AAPL,2020-03-23,0.199325,4,1
AAPL,2020-03-24,0.24324999999999997,6,1
AAPL,2020-03-25,0.185475,4,1
AAPL,2020-03-26,0.1653875,8,1
AAPL,2020-03-27,-0.15515,6,1
AAPL,2020-03-28,0.3818,1,1
AAPL,2020-03-29,-0.1413333333333333,3,1
AAPL,2020-03-30,-0.005916666666666672,6,1
AAPL,2020-03-31,0.03946666666666665,3,1
AAPL,2020-04-01,-0.26716666666666666,3,1
AAPL,2020-04-02,-0.0797,4,1
AAPL,2020-04-03,0.0,1,1
AAPL,2020-04-06,0.4199,1,1
AAPL,2020-04-07,-0.20972,5,1
AAPL,2020-04-08,0.007266666666666681,3,1
AAPL,2020-04-09,0.2463,2,1
AAPL,2020-04-13,0.2621,2,1
AAPL,2020-04-14,0.21330000000000002,2,1
AAPL,2020-04-15,0.5423,1,1
AAPL,2020-04-16,0.09545,4,1
AAPL,2020-04-17,0.30632499999999996,4,1
AAPL,2020-04-18,0.2427,2,1
AAPL,2020-04-20,0.0,1,1
AAPL,2020-04-21,-0.10846,5,1
AAPL,2020-04-22,-0.2218,1,1
AAPL,2020-04-24,0.17,2,1
AAPL,2020-04-29,0.0,1,1
AAPL,2020-04-30,-0.09803999999999999,5,1
AAPL,2020-05-01,0.28595,2,1
AAPL,2020-05-03,0.5106,1,1
AAPL,2020-05-05,0.0,1,1
AAPL,2020-05-06,0.0,1,1
AAPL,2020-05-07,0.1027,1,1
AAPL,2020-05-08,0.14345,2,1
AAPL,2020-05-11,0.0,1,1
AAPL,2020-05-12,0.14365,4,1
AAPL,2020-05-13,0.1256142857142857,7,1
AAPL,2020-05-14,0.15938000000000002,5,1
AAPL,2020-05-15,-0.0172,3,1
AAPL,2020-05-16,-0.1027,1,1
AAPL,2020-05-18,0.0,1,1
AAPL,2020-05-20,0.16540000000000002,2,1
AAPL,2020-05-21,0.21075,2,1
AAPL,2020-05-25,0.9186,1,1
AAPL,2020-05-26,0.23263333333333333,3,1
AAPL,2020-05-27,0.1461,6,1
AAPL,2020-05-30,0.5994,1,1
AAPL,2020-06-01,0.4161,2,1
AAPL,2020-06-04,0.0,1,1
AAPL,2020-06-05,-0.2732,1,1
AAPL,2020-06-08,0.0,1,1
AAPL,2020-06-09,0.0,1,1
AAPL,2020-06-10,0.3182,1,1
AAPL,2020-06-11,0.11315,2,1
AAPL,2020-06-12,0.01604999999999999,6,1
AAPL,2020-06-15,0.4404,1,1
AAPL,2020-06-17,0.0256,5,1
AAPL,2020-06-18,-0.0049000000000000155,4,1
AAPL,2020-06-19,0.14331428571428573,7,1
AAPL,2020-06-20,0.0,1,1
AAPL,2020-06-21,0.0276,1,1
AAPL,2020-06-22,0.09913333333333335,3,1
AAPL,2020-06-23,0.031200000000000006,6,1
AAPL,2020-06-24,-0.17886,5,1
AAPL,2020-06-25,0.027825000000000003,4,1
AAPL,2020-06-26,0.60635,2,1
AAPL,2020-06-27,0.5267,1,1
AAPL,2020-06-29,0.09759999999999999,2,1
AAPL,2020-06-30,0.13816,5,1
AAPL,2020-07-02,0.575,2,1
AAPL,2020-07-08,0.23561666666666667,6,1
AAPL,2020-07-09,0.3107666666666667,3,1
AAPL,2020-07-11,0.34,1,1
AAPL,2020-07-13,0.3024,2,1
AAPL,2020-07-14,-0.1406,1,1
AAPL,2020-07-15,0.384575,4,1
AAPL,2020-07-17,0.23745,2,1
AAPL,2020-07-20,0.0,4,1
AAPL,2020-07-21,-0.1626,2,1
AAPL,2020-07-22,0.0,1,1
AAPL,2020-07-23,-0.0952,4,1
AAPL,2020-07-24,0.3071,1,1
AAPL,2020-07-25,0.0,1,1
AAPL,2020-07-26,0.0,1,1
AAPL,2020-07-27,-0.01739999999999997,2,1
AAPL,2020-07-28,0.17700000000000002,3,1
AAPL,2020-07-29,0.05459999999999998,2,1
AAPL,2020-07-30,0.347505,20,1
AAPL,2020-07-31,0.26785263157894734,19,1
AAPL,2020-08-01,0.23132000000000003,5,1
AAPL,2020-08-02,0.0,1,1
AAPL,2020-08-03,0.14284615384615382,13,1
AAPL,2020-08-04,0.24704285714285715,7,1
AAPL,2020-08-05,0.21997499999999998,4,1
AAPL,2020-08-06,0.09522222222222222,18,1
AAPL,2020-08-07,0.31388,5,1
AAPL,2020-08-08,-0.1779,1,1
AAPL,2020-08-09,0.48324999999999996,2,1
AAPL,2020-08-10,0.055125,12,1
AAPL,2020-08-11,0.07759999999999999,6,1
AAPL,2020-08-12,0.32985,2,1
AAPL,2020-08-13,0.108795,20,1
AAPL,2020-08-14,0.216825,8,1
AAPL,2020-08-15,0.544,2,1
AAPL,2020-08-17,0.27615,2,1
AAPL,2020-08-18,-0.11050000000000001,7,1
AAPL,2020-08-19,-0.0686,4,1
AAPL,2020-08-20,0.31623636363636365,11,1
AAPL,2020-08-21,0.21964615384615385,26,1
AAPL,2020-08-22,0.16863333333333333,3,1
AAPL,2020-08-23,0.2718333333333333,6,1
AAPL,2020-08-24,0.21852666666666665,30,1
AAPL,2020-08-25,0.058472222222222224,18,1
AAPL,2020-08-26,0.3121,3,1
AAPL,2020-08-27,0.20468,15,1
AAPL,2020-08-28,0.06586666666666667,6,1
AAPL,2020-08-29,0.6475,2,1
AAPL,2020-08-30,0.35694,5,1
AAPL,2020-08-31,0.11936451612903227,31,1
AAPL,2020-09-01,0.1583608695652174,23,1
AAPL,2020-09-02,0.09361176470588237,17,1
AAPL,2020-09-03,0.16127391304347824,23,1
AAPL,2020-09-04,0.11492000000000001,25,1
AAPL,2020-09-05,0.2202,2,1
AAPL,2020-09-06,0.5583,1,1
AAPL,2020-09-07,-0.1786,2,1
AAPL,2020-09-08,0.04131904761904762,21,1
AAPL,2020-09-09,0.20720625,16,1
AAPL,2020-09-10,0.08505789473684211,19,1
AAPL,2020-09-11,0.056499999999999995,23,1
AAPL,2020-09-12,-0.24695,2,1
AAPL,2020-09-13,0.4404,1,1
AAPL,2020-09-14,0.30864375,16,1
AAPL,2020-09-15,0.055512,25,1
AAPL,2020-09-16,0.055117647058823535,17,1
AAPL,2020-09-17,-0.135092,25,1
AAPL,2020-09-18,0.022358620689655176,29,1
AAPL,2020-09-19,0.14664,5,1
AAPL,2020-09-21,0.057694999999999996,20,1
AAPL,2020-09-22,0.04511333333333333,15,1
AAPL,2020-09-23,0.30975,16,1
AAPL,2020-09-24,-0.160525,12,1
AAPL,2020-09-25,-0.10686875,16,1
AAPL,2020-09-27,0.0258,1,1
AAPL,2020-09-28,0.23776000000000003,10,1
AAPL,2020-09-29,0.05610000000000002,5,1
AAPL,2020-09-30,-0.11431428571428572,7,1
AAPL,2020-10-01,0.2174,7,1
AAPL,2020-10-02,0.14113333333333333,12,1
AAPL,2020-10-04,-0.09337500000000001,4,1
AAPL,2020-10-05,-0.08701666666666667,6,1
AAPL,2020-10-06,0.12016666666666669,12,1
AAPL,2020-10-07,0.0,1,1
AAPL,2020-10-08,0.13411111111111113,9,1
AAPL,2020-10-09,-0.09092499999999999,4,1
AAPL,2020-10-10,0.7192,1,1
AAPL,2020-10-11,0.0,2,1
AAPL,2020-10-12,0.18902000000000002,20,1
AAPL,2020-10-13,0.14495555555555556,36,1
AAPL,2020-10-14,0.14292307692307693,13,1
AAPL,2020-10-15,0.11203333333333333,12,1
AAPL,2020-10-16,0.061499999999999985,9,1
AAPL,2020-10-17,0.0343,2,1
AAPL,2020-10-18,-0.67785,2,1
AAPL,2020-10-19,-0.11398749999999999,8,1
AAPL,2020-10-20,0.042550000000000004,4,1
AAPL,2020-10-21,0.09866666666666667,3,1
AAPL,2020-10-22,0.0,1,1
AAPL,2020-10-23,-0.042260000000000006,5,1
AAPL,2020-10-25,0.296,1,1
AAPL,2020-10-26,0.2723,8,1
AAPL,2020-10-27,0.1154,1,1
AAPL,2020-10-28,0.1251,7,1
AAPL,2020-10-29,0.178064,25,1
AAPL,2020-10-30,-0.055681818181818186,11,1
AAPL,2020-10-31,0.22340000000000002,2,1
AAPL,2020-11-01,-0.4738,1,1
AAPL,2020-11-02,-0.14047272727272728,11,1
AAPL,2020-11-03,0.40116666666666667,3,1
AAPL,2020-11-04,0.04306666666666668,6,1
AAPL,2020-11-05,0.0,2,1
AAPL,2020-11-06,0.2726,5,1
AAPL,2020-11-07,-0.3182,1,1
AAPL,2020-11-08,0.7269,1,1
AAPL,2020-11-09,-0.06078888888888889,9,1
AAPL,2020-11-10,-0.12465555555555555,9,1
AAPL,2020-11-11,0.08887777777777778,9,1
AAPL,2020-11-12,0.23152,5,1
AAPL,2020-11-15,0.0,3,1
AAPL,2020-11-16,0.0,1,1
AAPL,2020-11-17,0.31193333333333334,6,1
AAPL,2020-11-18,0.24359999999999998,5,1
AAPL,2020-11-19,0.17709999999999998,5,1
AAPL,2020-11-20,0.24695,2,1
AAPL,2020-11-22,0.4404,1,1
AAPL,2020-11-23,0.016871428571428575,7,1
AAPL,2020-11-24,0.09866666666666667,3,1
AAPL,2020-11-25,-0.25072,5,1
AAPL,2020-11-27,0.27949999999999997,4,1
AAPL,2020-11-29,0.6597,1,1
AAPL,2020-11-30,0.2879375,8,1
AAPL,2020-12-01,0.15406999999999998,10,1
AAPL,2020-12-02,0.35784,5,1
AAPL,2020-12-03,-0.09418571428571429,7,1
AAPL,2020-12-04,0.01566666666666668,3,1
AAPL,2020-12-08,0.5387,4,1
AAPL,2020-12-09,-0.016839999999999987,5,1
AAPL,2020-12-11,-0.3535,1,1
AAPL,2020-12-14,-0.12916666666666668,3,1
AAPL,2020-12-15,0.24105000000000001,6,1
AAPL,2020-12-16,0.111875,4,1
AAPL,2020-12-17,-0.32985,2,1
AAPL,2020-12-18,0.34336,5,1
AAPL,2020-12-19,-0.2538,2,1
AAPL,2020-12-20,0.2263,1,1
AAPL,2020-12-21,0.0227,11,1
AAPL,2020-12-22,0.14962999999999999,20,1
AAPL,2020-12-23,0.08363333333333334,3,1
AAPL,2020-12-24,-0.128,1,1
AAPL,2020-12-27,0.6588,1,1
AAPL,2020-12-28,0.28885,2,1
AAPL,2020-12-29,0.0,2,1
AAPL,2020-12-30,0.0,1,1
AAPL,2020-12-31,0.05043333333333333,3,1
AMZN,2020-01-01,0.0,1,1
AMZN,2020-01-03,0.0,1,1
AMZN,2020-01-06,0.4404,1,1
AMZN,2020-01-07,0.7825,1,1
AMZN,2020-01-09,0.0,1,1
AMZN,2020-01-10,0.0387,1,1
AMZN,2020-01-14,0.4404,1,1
AMZN,2020-01-16,0.0,1,1
AMZN,2020-01-21,0.0,2,1
AMZN,2020-01-24,0.0,1,1
AMZN,2020-01-29,0.0,1,1
AMZN,2020-01-30,0.5067882352941178,17,1
AMZN,2020-01-31,0.18806666666666666,9,1
AMZN,2020-02-01,0.5499,1,1
AMZN,2020-02-04,-0.1591,2,1
AMZN,2020-02-05,0.222375,4,1
AMZN,2020-02-06,0.0,4,1
AMZN,2020-02-07,0.0,1,1
AMZN,2020-02-10,0.6523,1,1
AMZN,2020-02-11,0.47550000000000003,2,1
AMZN,2020-02-12,0.0,1,1
AMZN,2020-02-14,-0.1909,2,1
AMZN,2020-02-19,0.1779,1,1
AMZN,2020-02-20,-0.04765,2,1
AMZN,2020-02-21,-0.05103333333333334,3,1
AMZN,2020-02-27,-0.4767,1,1
AMZN,2020-02-28,-0.4019,1,1
AMZN,2020-03-02,-0.1909,2,1
AMZN,2020-03-03,0.004200000000000004,5,1
AMZN,2020-03-04,0.19445000000000004,2,1
AMZN,2020-03-05,0.12705,4,1
AMZN,2020-03-06,-0.2763,3,1
AMZN,2020-03-10,-0.1274833333333333,6,1
AMZN,2020-03-11,0.1782,3,1
AMZN,2020-03-12,-0.04933333333333333,6,1
AMZN,2020-03-13,0.019540000000000002,5,1
AMZN,2020-03-17,0.16061999999999999,5,1
AMZN,2020-03-18,0.46492000000000006,5,1
AMZN,2020-03-19,0.38487499999999997,4,1
AMZN,2020-03-20,-0.13396666666666665,3,1
AMZN,2020-03-21,-0.4137,1,1
AMZN,2020-03-23,0.7603,1,1
AMZN,2020-03-24,0.29148,5,1
AMZN,2020-03-25,0.5199,2,1
AMZN,2020-03-26,-0.0261,2,1
AMZN,2020-03-27,0.04325000000000001,2,1
AMZN,2020-03-31,0.38233333333333336,3,1
AMZN,2020-04-13,0.3612,1,1
AMZN,2020-04-14,0.4258,2,1
AMZN,2020-04-15,0.0,1,1
AMZN,2020-04-16,0.5683,3,1
AMZN,2020-04-17,0.20095,2,1
AMZN,2020-04-21,0.7845,1,1
AMZN,2020-04-22,0.7184,1,1
AMZN,2020-04-24,0.7003,1,1
AMZN,2020-04-28,0.5574,1,1
AMZN,2020-04-29,0.06315,2,1
AMZN,2020-04-30,0.27863333333333334,6,1
AMZN,2020-05-01,0.21951666666666667,6,1
AMZN,2020-05-02,0.1806,2,1
AMZN,2020-05-05,0.20095,2,1
AMZN,2020-05-06,0.0,1,1
AMZN,2020-05-08,0.6369,1,1
AMZN,2020-05-19,0.0,1,1
AMZN,2020-05-20,0.30575,2,1
AMZN,2020-05-21,0.2235,1,1
AMZN,2020-05-27,0.20095,2,1
AMZN,2020-06-02,0.0129,2,1
AMZN,2020-06-03,0.595,1,1
AMZN,2020-06-04,0.5106,1,1
AMZN,2020-06-09,0.7783,1,1
AMZN,2020-06-10,0.5719,1,1
AMZN,2020-06-11,0.7573,1,1
AMZN,2020-06-12,-0.4739,1,1
AMZN,2020-06-13,0.0258,1,1
AMZN,2020-06-16,0.1468,3,1
AMZN,2020-06-17,-0.148,2,1
AMZN,2020-06-23,0.0,1,1
AMZN,2020-06-24,0.4404,1,1
AMZN,2020-06-26,0.4074,2,1
AMZN,2020-06-30,0.3182,1,1
AMZN,2020-07-01,0.37717500000000004,4,1
AMZN,2020-07-02,0.34076,5,1
AMZN,2020-07-07,0.3551,3,1
AMZN,2020-07-08,0.19578,5,1
AMZN,2020-07-09,0.12366666666666666,3,1
AMZN,2020-07-10,0.0,3,1
AMZN,2020-07-14,-0.161,3,1
AMZN,2020-07-15,0.2263,1,1
AMZN,2020-07-20,0.5719,1,1
AMZN,2020-07-21,0.29295,2,1
AMZN,2020-07-22,0.9184,1,1
AMZN,2020-07-23,0.5859,1,1
AMZN,2020-07-24,0.33785,4,1
AMZN,2020-07-28,0.7096,1,1
AMZN,2020-07-29,0.22336666666666663,3,1
AMZN,2020-07-30,0.17834444444444444,18,1
AMZN,2020-07-31,0.4072833333333333,6,1
AMZN,2020-08-01,0.4939,1,1
AMZN,2020-08-05,0.0,2,1
AMZN,2020-08-06,0.0,2,1
AMZN,2020-08-07,0.5994,1,1
AMZN,2020-08-11,-0.15255,2,1
AMZN,2020-08-12,0.4215,1,1
AMZN,2020-08-14,0.0,1,1
AMZN,2020-08-17,0.4588,1,1
AMZN,2020-08-18,0.28837999999999997,5,1
AMZN,2020-08-19,0.4575,2,1
AMZN,2020-08-20,-0.5423,1,1
AMZN,2020-08-21,0.0,1,1
AMZN,2020-08-25,-0.10455,4,1
AMZN,2020-08-26,0.0,1,1
AMZN,2020-08-27,0.3612,1,1
AMZN,2020-09-01,0.5562,1,1
AMZN,2020-09-02,0.0,2,1
AMZN,2020-09-04,0.7887,1,1
AMZN,2020-09-10,0.0,1,1
AMZN,2020-09-11,-0.2608333333333333,3,1
AMZN,2020-09-15,0.1724,2,1
AMZN,2020-09-16,0.0,1,1
AMZN,2020-09-17,0.022099999999999998,6,1
AMZN,2020-09-18,0.19925,8,1
AMZN,2020-09-21,0.4199,1,1
AMZN,2020-09-22,0.3247,6,1
AMZN,2020-09-23,-0.1759,1,1
AMZN,2020-09-24,0.08895,2,1
AMZN,2020-09-25,-0.34,1,1
AMZN,2020-09-26,0.4939,1,1
AMZN,2020-09-30,-0.40085000000000004,2,1
AMZN,2020-10-01,0.4215,1,1
AMZN,2020-10-02,0.2732,1,1
AMZN,2020-10-06,0.17975,2,1
AMZN,2020-10-07,0.0,1,1
AMZN,2020-10-08,0.296,1,1
AMZN,2020-10-10,-0.4404,1,1
AMZN,2020-10-12,0.1027,1,1
AMZN,2020-10-13,-0.013566666666666652,3,1
AMZN,2020-10-14,0.75175,2,1
AMZN,2020-10-15,0.128,1,1
AMZN,2020-10-16,-0.11315,2,1
AMZN,2020-10-22,0.5132,4,1
AMZN,2020-10-23,-0.6249,1,1
AMZN,2020-10-26,0.1779,1,1
AMZN,2020-10-27,0.2202,2,1
AMZN,2020-10-28,-0.4435,1,1
AMZN,2020-10-29,-0.047266666666666644,3,1
AMZN,2020-10-30,0.31245,2,1
AMZN,2020-11-04,0.0,2,1
AMZN,2020-11-05,0.6434,2,1
AMZN,2020-11-06,-0.2577,1,1
AMZN,2020-11-09,0.2369,2,1
AMZN,2020-11-10,0.1529,3,1
AMZN,2020-11-11,0.296,1,1
AMZN,2020-11-13,0.0,1,1
AMZN,2020-11-17,0.24609999999999999,3,1
AMZN,2020-11-18,0.0,1,1
AMZN,2020-11-20,-0.39654999999999996,2,1
AMZN,2020-11-24,-0.6696,1,1
AMZN,2020-11-26,0.3682,1,1
AMZN,2020-12-01,0.50845,2,1
AMZN,2020-12-02,-0.2553,2,1
AMZN,2020-12-03,0.3637,4,1
AMZN,2020-12-08,0.368,1,1
AMZN,2020-12-09,-0.435,4,1
AMZN,2020-12-10,0.03036000000000001,5,1
AMZN,2020-12-11,0.0,1,1
AMZN,2020-12-15,0.3612,1,1
AMZN,2020-12-16,0.027749999999999997,2,1
AMZN,2020-12-17,0.6467,1,1
AMZN,2020-12-18,0.20625000000000002,2,1
AMZN,2020-12-22,-0.014333333333333345,3,1
AMZN,2020-12-23,-0.3147,1,1
AMZN,2020-12-24,0.0,2,1
AMZN,2020-12-29,-0.029549999999999993,4,1
AMZN,2020-12-30,0.0,1,1
AMZN,2020-12-31,0.6114,1,1
BA,2020-01-07,0.36985,2,1
BA,2020-01-08,-0.7177,1,1
BA,2020-01-10,0.09351666666666665,6,1
BA,2020-01-11,0.4199,1,1
BA,2020-01-14,0.1038,3,1
BA,2020-01-15,0.0,1,1
BA,2020-01-16,0.1027,1,1
BA,2020-01-17,0.2768,5,1
BA,2020-01-21,-0.004299999999999998,4,1
BA,2020-01-22,-0.022183333333333333,18,1
BA,2020-01-23,0.21024000000000004,5,1
BA,2020-01-25,0.7282,2,1
BA,2020-01-27,0.5789,1,1
BA,2020-01-28,0.5472333333333333,3,1
BA,2020-01-29,-0.09363636363636364,11,1
BA,2020-01-30,-0.5267,1,1
BA,2020-02-05,0.0,1,1
BA,2020-02-06,0.7371,1,1
BA,2020-02-07,-0.23765,2,1
BA,2020-02-10,0.0,1,1
BA,2020-02-11,-0.41905,2,1
BA,2020-02-12,-0.4389,1,1
BA,2020-02-13,0.3226,2,1
BA,2020-02-27,0.8979,1,1
BA,2020-02-28,0.15765,2,1
BA,2020-03-04,0.0,1,1
BA,2020-03-05,-0.05624,5,1
BA,2020-03-06,0.0,1,1
BA,2020-03-07,0.2463,2,1
BA,2020-03-10,0.0,1,1
BA,2020-03-11,0.19835714285714287,7,1
BA,2020-03-12,0.2312625,8,1
BA,2020-03-13,0.13225,2,1
BA,2020-03-14,0.3818,1,1
BA,2020-03-16,0.42415,2,1
BA,2020-03-17,-0.07843333333333333,9,1
BA,2020-03-18,-0.29495714285714286,14,1
BA,2020-03-19,0.2604,4,1
BA,2020-03-20,0.4424333333333334,3,1
BA,2020-03-23,0.0,3,1
BA,2020-03-24,0.13973030303030304,33,1
BA,2020-03-25,0.16755609756097561,41,1
BA,2020-03-26,0.18315294117647057,34,1
BA,2020-03-27,0.08073809523809523,21,1
BA,2020-03-28,0.148,2,1
BA,2020-03-30,0.3795,2,1
BA,2020-03-31,0.03556666666666667,9,1
BA,2020-04-01,0.24168333333333333,6,1
BA,2020-04-02,0.040499999999999994,8,1
BA,2020-04-03,0.3947666666666667,3,1
BA,2020-04-06,0.055466666666666664,3,1
BA,2020-04-07,-0.010383333333333336,6,1
BA,2020-04-08,0.09454285714285716,7,1
BA,2020-04-09,0.6559,2,1
BA,2020-04-10,0.6369,1,1
BA,2020-04-14,-0.04833333333333333,6,1
BA,2020-04-15,0.07763333333333333,9,1
BA,2020-04-16,-0.05645,6,1
BA,2020-04-17,0.26584,5,1
BA,2020-04-18,0.0,2,1
BA,2020-04-21,0.2521875,8,1
BA,2020-04-22,-0.4226,1,1
BA,2020-04-23,-0.2553,2,1
BA,2020-04-24,-0.008300000000000005,4,1
BA,2020-04-25,-0.03970000000000001,2,1
BA,2020-04-28,0.06721111111111111,9,1
BA,2020-04-29,0.04143333333333335,9,1
BA,2020-04-30,-0.0706,4,1
BA,2020-05-01,0.48646666666666666,3,1
BA,2020-05-02,0.296,1,1
BA,2020-05-04,0.0,1,1
BA,2020-05-05,0.022149999999999996,8,1
BA,2020-05-06,0.052746153846153845,13,1
BA,2020-05-07,0.9244,1,1
BA,2020-05-11,-0.4588,1,1
BA,2020-05-12,0.241875,4,1
BA,2020-05-13,0.39733999999999997,5,1
BA,2020-05-14,0.13204,5,1
BA,2020-05-15,0.11410000000000001,2,1
BA,2020-05-16,-0.10115,2,1
BA,2020-05-18,0.466,1,1
BA,2020-05-19,-0.064,2,1
BA,2020-05-20,0.0086,3,1
BA,2020-05-21,0.51705,2,1
BA,2020-05-22,0.1471,2,1
BA,2020-05-27,0.0,2,1
BA,2020-05-28,0.0,3,1
BA,2020-05-29,0.0772,1,1
BA,2020-06-02,0.0,1,1
BA,2020-06-03,0.17387,10,1
BA,2020-06-04,0.2212875,8,1
BA,2020-06-05,0.13374583333333334,24,1
BA,2020-06-06,0.0,1,1
BA,2020-06-08,-0.1928,4,1
BA,2020-06-09,0.007928571428571427,7,1
BA,2020-06-10,0.2281,6,1
BA,2020-06-11,0.19751818181818181,22,1
BA,2020-06-12,0.005987500000000003,16,1
BA,2020-06-13,0.0,1,1
BA,2020-06-15,0.47266666666666673,3,1
BA,2020-06-16,0.30846153846153845,13,1
BA,2020-06-17,-0.047111111111111104,9,1
BA,2020-06-18,0.13353333333333334,12,1
BA,2020-06-19,0.0,4,1
BA,2020-06-22,0.0,1,1
BA,2020-06-23,-0.003839999999999999,5,1
BA,2020-06-24,0.3021333333333333,9,1
BA,2020-06-25,0.17981250000000001,8,1
BA,2020-06-26,0.09932500000000001,8,1
BA,2020-06-27,-0.7089,1,1
BA,2020-06-29,-0.07345000000000002,2,1
BA,2020-06-30,0.012574999999999998,12,1
BA,2020-07-01,0.012133333333333322,9,1
BA,2020-07-02,0.1886,2,1
BA,2020-07-06,0.0,1,1
BA,2020-07-07,0.0,1,1
BA,2020-07-08,0.056575,4,1
BA,2020-07-09,-0.25,1,1
BA,2020-07-10,0.11575000000000002,4,1
BA,2020-07-11,0.0,1,1
BA,2020-07-14,0.0,2,1
BA,2020-07-15,0.02202857142857143,7,1
BA,2020-07-16,0.0,2,1
BA,2020-07-18,0.2559,2,1
BA,2020-07-20,0.0,1,1
BA,2020-07-21,-0.3832,1,1
BA,2020-07-22,0.4767,1,1
BA,2020-07-23,0.39880000000000004,4,1
BA,2020-07-24,0.1531,1,1
BA,2020-07-27,0.0,1,1
BA,2020-07-28,0.8619,1,1
BA,2020-07-29,0.27519999999999994,6,1
BA,2020-07-30,0.22477999999999998,5,1
BA,2020-07-31,0.0,3,1
BA,2020-08-04,0.5395666666666666,3,1
BA,2020-08-05,0.19468,10,1
BA,2020-08-06,0.7068,2,1
BA,2020-08-07,0.0644,2,1
BA,2020-08-11,0.2075,1,1
BA,2020-08-12,0.08157500000000001,8,1
BA,2020-08-13,-0.17975,2,1
BA,2020-08-14,0.0,1,1
BA,2020-08-18,-0.07655,2,1
BA,2020-08-20,0.34,1,1
BA,2020-08-21,0.5267,1,1
BA,2020-08-24,0.0593,3,1
BA,2020-08-25,0.050525,4,1
BA,2020-08-26,0.0,2,1
BA,2020-08-27,0.17,2,1
BA,2020-08-28,0.12222500000000001,4,1
BA,2020-09-02,0.0,1,1
BA,2020-09-03,0.09215000000000001,4,1
BA,2020-09-04,0.4883,3,1
BA,2020-09-08,0.0,1,1
BA,2020-09-09,0.0,1,1
BA,2020-09-10,0.8249500000000001,2,1
BA,2020-09-15,-0.04783333333333334,3,1
BA,2020-09-16,0.0,2,1
BA,2020-09-17,0.2950333333333333,3,1
BA,2020-09-18,0.5423,1,1
BA,2020-09-23,0.029199999999999993,5,1
BA,2020-09-24,-0.392525,4,1
BA,2020-09-25,-0.134975,4,1
BA,2020-09-26,0.0,1,1
BA,2020-09-29,-0.025066666666666664,6,1
BA,2020-09-30,0.319225,4,1
BA,2020-10-01,-0.2282666666666667,3,1
BA,2020-10-02,0.4001,2,1
BA,2020-10-05,0.2202,2,1
BA,2020-10-06,-0.181725,4,1
BA,2020-10-07,0.0,1,1
BA,2020-10-08,0.4205666666666667,3,1
BA,2020-10-09,0.0,4,1
BA,2020-10-15,0.5016,2,1
BA,2020-10-16,0.11865,2,1
BA,2020-10-21,-0.296,1,1
BA,2020-10-23,0.3818,1,1
BA,2020-10-27,0.1531,1,1
BA,2020-10-28,-0.15398,5,1
BA,2020-10-29,0.0386,2,1
BA,2020-10-30,0.2195,4,1
BA,2020-11-04,0.765,1,1
BA,2020-11-09,-0.32615,2,1
BA,2020-11-10,-0.0999,6,1
BA,2020-11-11,-0.53905,2,1
BA,2020-11-12,0.4731875,8,1
BA,2020-11-13,0.212475,4,1
BA,2020-11-16,0.3612,1,1
BA,2020-11-17,0.29564,5,1
BA,2020-11-18,0.23516153846153848,13,1
BA,2020-11-19,0.2803,8,1
BA,2020-11-20,0.29525,2,1
BA,2020-11-24,0.022974999999999995,4,1
BA,2020-11-25,0.19655,2,1
BA,2020-11-30,0.8011,1,1
BA,2020-12-01,0.9115,1,1
BA,2020-12-02,0.11156666666666666,6,1
BA,2020-12-03,0.14605714285714286,7,1
BA,2020-12-04,0.3466666666666667,3,1
BA,2020-12-08,-0.27055,2,1
BA,2020-12-09,-0.5256,1,1
BA,2020-12-10,-0.17020000000000002,3,1
BA,2020-12-15,0.0,1,1
BA,2020-12-16,0.4199,1,1
BA,2020-12-17,0.6908,1,1
BA,2020-12-18,0.5106,1,1
BA,2020-12-19,0.0516,1,1
BA,2020-12-22,-0.3688,2,1
BA,2020-12-23,0.4215,1,1
BA,2020-12-29,0.05146666666666668,3,1
BA,2020-12-31,0.0,1,1
DIS,2020-01-02,0.0,1,1
DIS,2020-01-07,-0.7783,1,1
DIS,2020-01-08,0.2657,2,1
DIS,2020-01-09,0.24695,2,1
DIS,2020-01-10,0.0,1,1
DIS,2020-01-14,-0.41009999999999996,3,1
DIS,2020-01-15,-0.1531,1,1
DIS,2020-01-16,0.0,1,1
DIS,2020-01-17,0.129,5,1
DIS,2020-01-24,0.555,1,1
DIS,2020-01-25,0.0,1,1
DIS,2020-01-30,-0.02032500000000001,4,1
DIS,2020-01-31,0.0,2,1
DIS,2020-02-03,0.4569,2,1
DIS,2020-02-04,0.28512777777777776,18,1
DIS,2020-02-05,0.029366666666666666,9,1
DIS,2020-02-07,-0.31926666666666664,3,1
DIS,2020-02-11,0.45055,2,1
DIS,2020-02-12,-0.5423,1,1
DIS,2020-02-14,0.39225,2,1
DIS,2020-02-20,0.10115,2,1
DIS,2020-02-21,-0.0516,1,1
DIS,2020-02-25,0.11607500000000001,8,1
DIS,2020-02-26,-0.17113333333333333,6,1
DIS,2020-02-27,-0.0741,2,1
DIS,2020-02-28,0.26008,5,1
DIS,2020-03-02,0.3612,1,1
DIS,2020-03-03,0.3032666666666667,3,1
DIS,2020-03-04,-0.26335,2,1
DIS,2020-03-05,0.0,1,1
DIS,2020-03-06,0.17088,10,1
DIS,2020-03-07,0.6671,1,1
DIS,2020-03-10,0.17295000000000002,6,1
DIS,2020-03-12,0.03416666666666667,12,1
DIS,2020-03-13,0.05809130434782609,23,1
DIS,2020-03-14,0.19163333333333332,3,1
DIS,2020-03-16,0.02313333333333334,3,1
DIS,2020-03-17,-0.00902857142857143,7,1
DIS,2020-03-18,-0.09214,5,1
DIS,2020-03-19,-0.17404444444444445,9,1
DIS,2020-03-20,-0.5643333333333334,3,1
DIS,2020-03-21,-0.3024,3,1
DIS,2020-03-24,0.42206666666666665,3,1
DIS,2020-03-25,0.31602,5,1
DIS,2020-03-26,-0.21933333333333335,3,1
DIS,2020-03-27,0.3131333333333333,3,1
DIS,2020-03-31,0.49878,5,1
DIS,2020-04-01,0.09212500000000001,8,1
DIS,2020-04-02,-0.25228,5,1
DIS,2020-04-03,0.0,1,1
DIS,2020-04-04,0.0,1,1
DIS,2020-04-07,0.0,1,1
DIS,2020-04-08,0.28099999999999997,3,1
DIS,2020-04-09,-0.007971428571428577,7,1
DIS,2020-04-13,0.0,1,1
DIS,2020-04-14,0.0,1,1
DIS,2020-04-16,-0.296,1,1
DIS,2020-04-17,0.0516,1,1
DIS,2020-04-21,0.13396666666666665,3,1
DIS,2020-04-22,0.0,1,1
DIS,2020-04-24,-0.25,1,1
DIS,2020-04-27,0.0,1,1
DIS,2020-04-28,0.0921,2,1
DIS,2020-04-29,0.3,5,1
DIS,2020-04-30,-0.846,1,1
DIS,2020-05-01,-0.28426666666666667,3,1
DIS,2020-05-02,0.0,1,1
DIS,2020-05-05,0.0433,18,1
DIS,2020-05-06,0.14507333333333333,15,1
DIS,2020-05-07,-0.07101249999999999,8,1
DIS,2020-05-08,0.3881666666666666,3,1
DIS,2020-05-09,0.32985,2,1
DIS,2020-05-12,0.014483333333333348,6,1
DIS,2020-05-13,0.050449999999999995,4,1
DIS,2020-05-14,-0.20625000000000002,6,1
DIS,2020-05-15,0.06885,4,1
DIS,2020-05-20,0.2085,3,1
DIS,2020-05-21,0.5267,1,1
DIS,2020-05-22,-0.296,1,1
DIS,2020-05-28,0.10285,2,1
DIS,2020-05-29,0.8684,1,1
DIS,2020-06-03,0.3612,1,1
DIS,2020-06-11,-0.7084999999999999,2,1
DIS,2020-06-24,0.29015,2,1
DIS,2020-06-25,0.0013933333333333354,15,1
DIS,2020-06-26,0.28963333333333335,3,1
DIS,2020-07-07,0.7269,1,1
DIS,2020-07-08,0.0,1,1
DIS,2020-07-09,-0.07655,2,1
DIS,2020-07-10,0.4215,1,1
DIS,2020-07-13,-0.0163,1,1
DIS,2020-07-14,0.2781,2,1
DIS,2020-07-16,0.5023,1,1
DIS,2020-07-17,0.17473333333333332,3,1
DIS,2020-07-20,0.0,1,1
DIS,2020-07-21,0.0,1,1
DIS,2020-07-23,-0.3822,2,1
DIS,2020-07-30,0.0,1,1
DIS,2020-08-04,-0.14842,5,1
DIS,2020-08-05,0.2431,3,1
DIS,2020-08-06,-0.2023,1,1
DIS,2020-08-11,-0.10115,2,1
DIS,2020-08-20,0.0,1,1
DIS,2020-08-21,0.0,1,1
DIS,2020-08-22,0.4215,1,1
DIS,2020-08-27,0.6486,1,1
DIS,2020-08-28,0.157,4,1
DIS,2020-09-02,0.3612,1,1
DIS,2020-09-08,0.0,1,1
DIS,2020-09-10,0.2202,2,1
DIS,2020-09-11,-0.1531,1,1
DIS,2020-09-14,-0.1027,1,1
DIS,2020-09-17,-0.14924999999999997,2,1
DIS,2020-09-30,0.4404,1,1
DIS,2020-10-01,0.0,2,1
DIS,2020-10-06,0.4215,1,1
DIS,2020-10-07,0.4588,1,1
DIS,2020-10-13,-0.3252,1,1
DIS,2020-10-14,0.0,1,1
DIS,2020-10-15,0.0,1,1
DIS,2020-10-21,0.0,1,1
DIS,2020-11-12,0.051425,8,1
DIS,2020-11-13,-0.057,4,1
DIS,2020-11-17,0.3885,1,1
DIS,2020-11-18,0.0,1,1
DIS,2020-11-19,0.0,1,1
DIS,2020-11-24,0.0,1,1
DIS,2020-12-09,0.0386,2,1
DIS,2020-12-10,0.5445,2,1
DIS,2020-12-11,-0.0598,8,1
DIS,2020-12-12,0.7351,1,1
DIS,2020-12-15,0.0,1,1
DIS,2020-12-16,0.4035,2,1
DIS,2020-12-30,-0.19558,5,1
MSFT,2020-01-16,0.0,1,1
MSFT,2020-01-17,0.0,1,1
MSFT,2020-01-22,0.36135,2,1
MSFT,2020-01-23,0.0,1,1
MSFT,2020-01-29,0.16444,5,1
MSFT,2020-01-30,0.30811666666666665,6,1
MSFT,2020-01-31,0.29295,2,1
MSFT,2020-02-04,0.0,1,1
MSFT,2020-02-05,0.1981,5,1
MSFT,2020-02-07,0.44615000000000005,2,1
MSFT,2020-02-10,0.1511,1,1
MSFT,2020-02-11,0.2758,4,1
MSFT,2020-02-13,0.0038200000000000013,5,1
MSFT,2020-02-14,0.0,1,1
MSFT,2020-02-18,0.02930000000000002,2,1
MSFT,2020-02-19,0.10115,2,1
MSFT,2020-02-20,0.0,1,1
MSFT,2020-02-21,0.3612,1,1
MSFT,2020-02-24,0.0,1,1
MSFT,2020-02-25,0.0,1,1
MSFT,2020-02-26,-0.409975,4,1
MSFT,2020-02-27,0.31175,4,1
MSFT,2020-02-28,0.5285,2,1
MSFT,2020-02-29,0.2023,1,1
MSFT,2020-03-02,0.10821666666666667,6,1
MSFT,2020-03-03,0.0,2,1
MSFT,2020-03-04,0.2023,1,1
MSFT,2020-03-05,0.322225,4,1
MSFT,2020-03-09,0.0772,1,1
MSFT,2020-03-10,0.4215,1,1
MSFT,2020-03-11,0.79835,2,1
MSFT,2020-03-13,0.148,2,1
MSFT,2020-03-16,0.8313,1,1
MSFT,2020-03-17,-0.08223333333333332,3,1
MSFT,2020-03-18,0.5574,1,1
MSFT,2020-03-19,-0.17356666666666667,3,1
MSFT,2020-03-20,-0.2755,1,1
MSFT,2020-03-24,-0.2263,1,1
MSFT,2020-03-25,0.0,1,1
MSFT,2020-03-26,0.3612,1,1
MSFT,2020-03-27,0.0,1,1
MSFT,2020-03-28,-0.5859,1,1
MSFT,2020-03-31,0.1953,3,1
MSFT,2020-04-01,0.0,2,1
MSFT,2020-04-02,-0.148,2,1
MSFT,2020-04-04,-0.5719,1,1
MSFT,2020-04-09,0.36819999999999997,2,1
MSFT,2020-04-14,0.4404,1,1
MSFT,2020-04-16,0.4278,1,1
MSFT,2020-04-17,-0.6996,1,1
MSFT,2020-04-21,-0.10606666666666666,3,1
MSFT,2020-04-27,0.5965,1,1
MSFT,2020-04-28,-0.47983333333333333,3,1
MSFT,2020-04-29,0.2108,3,1
MSFT,2020-04-30,0.03427142857142858,7,1
MSFT,2020-05-01,0.0,1,1
MSFT,2020-05-05,-0.4019,1,1
MSFT,2020-05-08,0.765,1,1
MSFT,2020-05-09,0.5719,1,1
MSFT,2020-05-12,0.4574,1,1
MSFT,2020-05-13,0.0,1,1
MSFT,2020-05-14,0.3182,1,1
MSFT,2020-05-20,0.0,1,1
MSFT,2020-05-27,0.0,1,1
MSFT,2020-06-02,-0.5255,1,1
MSFT,2020-06-03,0.0,1,1
MSFT,2020-06-09,0.0,1,1
MSFT,2020-06-10,0.1468,3,1
MSFT,2020-06-16,0.0,1,1
MSFT,2020-06-19,0.52015,2,1
MSFT,2020-06-26,-0.4404,1,1
MSFT,2020-07-01,-0.7088,1,1
MSFT,2020-07-02,0.0,1,1
MSFT,2020-07-06,0.8346,1,1
MSFT,2020-07-07,0.4019,1,1
MSFT,2020-07-09,0.0,1,1
MSFT,2020-07-13,0.0,1,1
MSFT,2020-07-14,0.0,2,1
MSFT,2020-07-16,0.0,1,1
MSFT,2020-07-17,0.07283333333333335,3,1
MSFT,2020-07-20,0.2444333333333333,3,1
MSFT,2020-07-21,0.1468,3,1
MSFT,2020-07-22,0.120475,8,1
MSFT,2020-07-23,0.24132857142857142,7,1
MSFT,2020-07-24,0.0,3,1
MSFT,2020-07-25,0.0,1,1
MSFT,2020-07-28,0.0,2,1
MSFT,2020-07-29,0.8807,1,1
MSFT,2020-07-30,0.38165,2,1
MSFT,2020-07-31,-0.14049999999999999,3,1
MSFT,2020-08-01,0.3825,3,1
MSFT,2020-08-03,0.0,2,1
MSFT,2020-08-04,0.4852,3,1
MSFT,2020-08-05,-0.13946666666666666,3,1
MSFT,2020-08-07,0.12765,4,1
MSFT,2020-08-12,0.0,1,1
MSFT,2020-08-14,0.6369,1,1
MSFT,2020-08-18,-0.0516,1,1
MSFT,2020-08-19,0.1468,3,1
MSFT,2020-08-21,0.1774,4,1
MSFT,2020-08-24,0.0,1,1
MSFT,2020-08-25,0.027660000000000018,5,1
MSFT,2020-08-26,0.0,1,1
MSFT,2020-08-27,0.18851666666666667,6,1
MSFT,2020-08-28,-0.023933333333333324,3,1
MSFT,2020-08-29,-0.8744,1,1
MSFT,2020-09-01,0.5994,1,1
MSFT,2020-09-02,0.09171666666666667,6,1
MSFT,2020-09-03,-0.07888,5,1
MSFT,2020-09-05,-0.5346,1,1
MSFT,2020-09-10,0.6597,1,1
MSFT,2020-09-11,-0.5719,1,1
MSFT,2020-09-18,0.4215,1,1
MSFT,2020-09-19,-0.3182,1,1
MSFT,2020-09-22,-0.4389,1,1
MSFT,2020-10-02,-0.1072,2,1
MSFT,2020-10-09,0.7906,1,1
MSFT,2020-10-10,-0.128,1,1
MSFT,2020-10-15,0.0,1,1
MSFT,2020-10-23,-0.3818,1,1
MSFT,2020-10-24,0.0,1,1
MSFT,2020-10-27,0.204475,4,1
MSFT,2020-10-28,0.41355,2,1
MSFT,2020-11-10,-0.2732,1,1
MSFT,2020-11-11,0.0,1,1
MSFT,2020-11-13,-0.3645,2,1
MSFT,2020-11-23,0.2769,2,1
MSFT,2020-11-25,0.765,1,1
MSFT,2020-12-04,0.148,2,1
MSFT,2020-12-11,0.3818,1,1
MSFT,2020-12-15,0.4215,1,1
MSFT,2020-12-23,0.31845,2,1
MSFT,2020-12-29,0.1779,1,1
MSFT,2020-12-31,0.6597,1,1
TSLA,2020-01-01,0.1184,4,1
TSLA,2020-01-02,-0.3291,1,1
TSLA,2020-01-03,0.04648333333333334,6,1
TSLA,2020-01-04,-0.3182,1,1
TSLA,2020-01-06,0.28695000000000004,4,1
TSLA,2020-01-07,0.17049375,16,1
TSLA,2020-01-08,0.2298555555555556,18,1
TSLA,2020-01-09,0.2678307692307692,13,1
TSLA,2020-01-10,0.19362142857142858,14,1
TSLA,2020-01-13,-0.038633333333333325,9,1
TSLA,2020-01-14,0.13947142857142858,14,1
TSLA,2020-01-15,-0.0322923076923077,13,1
TSLA,2020-01-16,-0.01637368421052631,19,1
TSLA,2020-01-17,-0.02026923076923076,13,1
TSLA,2020-01-18,0.05938,5,1
TSLA,2020-01-21,-0.1468,3,1
TSLA,2020-01-22,0.1372625,16,1
TSLA,2020-01-23,0.11150000000000002,8,1
TSLA,2020-01-24,0.20877142857142855,7,1
TSLA,2020-01-25,0.36345,2,1
TSLA,2020-01-27,0.2732,1,1
TSLA,2020-01-28,-0.10578571428571427,7,1
TSLA,2020-01-29,0.1424388888888889,18,1
TSLA,2020-01-30,0.3523647058823529,17,1
TSLA,2020-01-31,0.14644000000000001,10,1
TSLA,2020-02-01,0.504,1,1
TSLA,2020-02-03,0.14909999999999998,15,1
TSLA,2020-02-04,0.2142804347826087,46,1
TSLA,2020-02-05,0.04439565217391305,46,1
TSLA,2020-02-06,0.11733396226415095,53,1
TSLA,2020-02-07,-0.02686315789473684,19,1
TSLA,2020-02-08,0.2369,2,1
TSLA,2020-02-10,0.3576,3,1
TSLA,2020-02-11,-0.0034250000000000044,8,1
TSLA,2020-02-12,0.10593749999999999,16,1
TSLA,2020-02-13,0.13259555555555555,45,1
TSLA,2020-02-14,0.22113333333333332,9,1
TSLA,2020-02-18,0.05135,2,1
TSLA,2020-02-19,0.030644444444444436,18,1
TSLA,2020-02-20,0.23342999999999997,10,1
TSLA,2020-02-21,-0.033613333333333335,15,1
TSLA,2020-02-22,0.2202,2,1
TSLA,2020-02-24,-0.07768181818181819,11,1
TSLA,2020-02-25,0.08462307692307691,26,1
TSLA,2020-02-26,-0.06772916666666666,24,1
TSLA,2020-02-27,0.10822790697674417,43,1
TSLA,2020-02-28,0.07615853658536585,41,1
TSLA,2020-02-29,0.0,1,1
TSLA,2020-03-02,0.30360526315789477,19,1
TSLA,2020-03-03,0.20843250000000002,40,1
TSLA,2020-03-04,0.066096875,32,1
TSLA,2020-03-05,-0.03956666666666666,15,1
TSLA,2020-03-06,0.11892857142857143,21,1
TSLA,2020-03-07,-0.1348,2,1
TSLA,2020-03-09,0.35878,5,1
TSLA,2020-03-10,0.13931818181818184,11,1
TSLA,2020-03-11,0.14270555555555556,18,1
TSLA,2020-03-12,-0.04898666666666666,30,1
TSLA,2020-03-13,0.13654,20,1
TSLA,2020-03-14,0.3481,3,1
TSLA,2020-03-16,0.1902125,8,1
TSLA,2020-03-17,0.10328571428571429,35,1
TSLA,2020-03-18,0.08741499999999999,40,1
TSLA,2020-03-19,0.03231363636363637,44,1
TSLA,2020-03-20,0.07403548387096774,31,1
TSLA,2020-03-21,-0.30775,2,1
TSLA,2020-03-23,0.21838333333333335,6,1
TSLA,2020-03-24,0.2255862068965517,29,1
TSLA,2020-03-25,0.014269565217391313,23,1
TSLA,2020-03-26,-0.013087500000000002,16,1
TSLA,2020-03-27,-0.03539285714285714,14,1
TSLA,2020-03-28,-0.6648499999999999,2,1
TSLA,2020-03-30,-0.11560000000000004,2,1
TSLA,2020-03-31,-0.07121818181818182,11,1
TSLA,2020-04-01,-0.3592,2,1
TSLA,2020-04-02,0.12973214285714285,28,1
TSLA,2020-04-03,0.0009399999999999986,25,1
TSLA,2020-04-06,0.0,1,1
TSLA,2020-04-07,0.0,2,1
TSLA,2020-04-08,0.09726666666666667,6,1
TSLA,2020-04-09,-0.22586,5,1
TSLA,2020-04-13,0.09176,5,1
TSLA,2020-04-14,0.07823000000000001,10,1
TSLA,2020-04-15,0.10815000000000001,8,1
TSLA,2020-04-16,0.18353846153846154,13,1
TSLA,2020-04-17,0.30091999999999997,5,1
TSLA,2020-04-18,0.4588,1,1
TSLA,2020-04-20,0.2242666666666667,3,1
TSLA,2020-04-21,0.003471428571428565,21,1
TSLA,2020-04-22,0.4409,7,1
TSLA,2020-04-23,0.0,2,1
TSLA,2020-04-24,0.06342857142857145,7,1
TSLA,2020-04-27,0.12972,5,1
TSLA,2020-04-28,0.09866666666666667,3,1
TSLA,2020-04-29,0.17096486486486487,37,1
TSLA,2020-04-30,0.10043571428571428,14,1
TSLA,2020-05-01,0.07753030303030302,99,1
TSLA,2020-05-02,0.26795,12,1
TSLA,2020-05-04,0.0,1,1
TSLA,2020-05-05,-0.0995,7,1
TSLA,2020-05-06,0.14365999999999998,5,1
TSLA,2020-05-07,-0.14988333333333334,6,1
TSLA,2020-05-08,-0.01529090909090909,11,1
TSLA,2020-05-11,-0.06635,6,1
TSLA,2020-05-12,0.17556363636363637,11,1
TSLA,2020-05-13,0.10660666666666667,15,1
TSLA,2020-05-14,0.01126666666666667,12,1
TSLA,2020-05-15,0.437425,4,1
TSLA,2020-05-16,0.0,1,1
TSLA,2020-05-19,-0.143675,4,1
TSLA,2020-05-20,-0.13942500000000002,4,1
TSLA,2020-05-21,0.123175,4,1
TSLA,2020-05-22,0.4244800000000001,5,1
TSLA,2020-05-23,-0.02124999999999999,2,1
TSLA,2020-05-27,0.19277499999999997,4,1
TSLA,2020-05-28,0.04698000000000001,5,1
TSLA,2020-05-29,-0.25406,5,1
TSLA,2020-05-30,0.2835375,8,1
TSLA,2020-06-01,-0.04602857142857144,7,1
TSLA,2020-06-02,-0.0783,7,1
TSLA,2020-06-03,-0.30933333333333335,6,1
TSLA,2020-06-04,0.001799999999999996,4,1
TSLA,2020-06-05,0.30465,2,1
TSLA,2020-06-08,0.6689,1,1
TSLA,2020-06-09,0.15473333333333333,9,1
TSLA,2020-06-10,0.08068181818181817,11,1
TSLA,2020-06-11,0.08449999999999999,9,1
TSLA,2020-06-12,0.13555652173913044,23,1
TSLA,2020-06-13,0.23438000000000003,5,1
TSLA,2020-06-16,0.10864999999999998,6,1
TSLA,2020-06-17,0.0887,7,1
TSLA,2020-06-18,0.18786666666666665,9,1
TSLA,2020-06-19,-0.121125,4,1
TSLA,2020-06-20,0.0,1,1
TSLA,2020-06-23,0.16657500000000003,4,1
TSLA,2020-06-24,-0.534,2,1
TSLA,2020-06-25,0.116625,8,1
TSLA,2020-06-26,0.43785,4,1
TSLA,2020-06-27,0.0,1,1
TSLA,2020-06-29,-0.1901,2,1
TSLA,2020-06-30,0.09166,10,1
TSLA,2020-07-01,0.0378,5,1
TSLA,2020-07-02,0.07116666666666667,18,1
TSLA,2020-07-03,-0.07574,5,1
TSLA,2020-07-06,0.1814,12,1
TSLA,2020-07-07,0.12804,10,1
TSLA,2020-07-08,-0.11760000000000001,11,1
TSLA,2020-07-09,0.029741666666666666,24,1
TSLA,2020-07-10,0.12606,20,1
TSLA,2020-07-11,0.14284,5,1
TSLA,2020-07-13,0.1043423076923077,26,1
TSLA,2020-07-14,0.17103000000000002,30,1
TSLA,2020-07-15,0.17301818181818182,11,1
TSLA,2020-07-16,0.07125454545454546,11,1
TSLA,2020-07-17,0.03522857142857143,7,1
TSLA,2020-07-18,0.31805,2,1
TSLA,2020-07-20,0.21359999999999998,7,1
TSLA,2020-07-21,0.07659166666666667,12,1
TSLA,2020-07-22,0.1512409090909091,44,1
TSLA,2020-07-23,0.22961666666666666,30,1
TSLA,2020-07-24,0.09003055555555556,36,1
TSLA,2020-07-25,-0.036599999999999994,2,1
TSLA,2020-07-27,0.01896666666666667,3,1
TSLA,2020-07-28,0.009125000000000008,12,1
TSLA,2020-07-29,0.26582727272727275,11,1
TSLA,2020-07-30,0.07947,10,1
TSLA,2020-07-31,0.18624999999999997,10,1
TSLA,2020-08-04,0.1605,4,1
TSLA,2020-08-05,0.273925,4,1
TSLA,2020-08-06,-0.172075,4,1
TSLA,2020-08-07,0.45855,2,1
TSLA,2020-08-08,-0.07665,4,1
TSLA,2020-08-10,0.0,1,1
TSLA,2020-08-11,0.03452142857142857,14,1
TSLA,2020-08-12,0.031415,20,1
TSLA,2020-08-13,0.19160000000000002,27,1
TSLA,2020-08-14,0.2096294117647059,17,1
TSLA,2020-08-15,0.04648333333333335,6,1
TSLA,2020-08-17,0.08601428571428572,7,1
TSLA,2020-08-18,0.18031944444444445,36,1
TSLA,2020-08-19,0.08411904761904761,21,1
TSLA,2020-08-20,0.18652,30,1
TSLA,2020-08-21,0.1962421052631579,38,1
TSLA,2020-08-22,0.4184,1,1
TSLA,2020-08-24,-0.3406,2,1
TSLA,2020-08-25,0.12342142857142857,28,1
TSLA,2020-08-26,0.28367777777777775,18,1
TSLA,2020-08-27,0.06342592592592594,27,1
TSLA,2020-08-28,0.037597368421052636,38,1
TSLA,2020-08-29,0.221225,4,1
TSLA,2020-08-31,0.14862608695652174,23,1
TSLA,2020-09-01,0.10452921348314607,89,1
TSLA,2020-09-02,0.032393506493506495,77,1
TSLA,2020-09-03,0.058244444444444446,108,1
TSLA,2020-09-04,0.139292,75,1
TSLA,2020-09-05,0.18541,10,1
TSLA,2020-09-08,0.0056368421052631545,57,1
TSLA,2020-09-09,0.08987551020408163,49,1
TSLA,2020-09-10,0.0683547619047619,42,1
TSLA,2020-09-11,0.28994642857142855,28,1
TSLA,2020-09-12,0.14505,6,1
TSLA,2020-09-14,0.14708,15,1
TSLA,2020-09-15,0.14646206896551722,58,1
TSLA,2020-09-16,0.2139294117647059,34,1
TSLA,2020-09-17,0.12242903225806452,31,1
TSLA,2020-09-18,0.16472173913043478,23,1
TSLA,2020-09-19,0.41397142857142855,7,1
TSLA,2020-09-21,0.019000000000000003,22,1
TSLA,2020-09-22,0.045819298245614044,114,1
TSLA,2020-09-23,0.037590217391304345,92,1
TSLA,2020-09-24,0.12831315789473682,38,1
TSLA,2020-09-25,0.23073529411764704,17,1
TSLA,2020-09-26,0.1157,4,1
TSLA,2020-09-28,0.0,1,1
TSLA,2020-09-29,0.2818,12,1
TSLA,2020-09-30,0.20072142857142855,14,1
TSLA,2020-10-01,0.1445909090909091,22,1
TSLA,2020-10-02,0.34370384615384614,26,1
TSLA,2020-10-03,-0.5106,1,1
TSLA,2020-10-05,0.6808,1,1
TSLA,2020-10-06,0.25864705882352945,17,1
TSLA,2020-10-07,0.05545,10,1
TSLA,2020-10-08,0.17855454545454547,11,1
TSLA,2020-10-09,0.01957272727272728,11,1
TSLA,2020-10-10,0.10800000000000001,2,1
TSLA,2020-10-12,-0.46303333333333335,3,1
TSLA,2020-10-13,0.15183333333333335,6,1
TSLA,2020-10-14,0.12124,15,1
TSLA,2020-10-15,0.30996666666666667,6,1
TSLA,2020-10-16,0.08405,4,1
TSLA,2020-10-19,0.0551,5,1
TSLA,2020-10-20,-0.14815555555555557,9,1
TSLA,2020-10-21,0.18713478260869565,23,1
TSLA,2020-10-22,0.18319999999999997,15,1
TSLA,2020-10-23,0.07832307692307693,13,1
TSLA,2020-10-24,-0.6597,1,1
TSLA,2020-10-27,0.0,2,1
TSLA,2020-10-28,0.19386,5,1
TSLA,2020-10-29,-0.09826,5,1
TSLA,2020-10-30,0.26727500000000004,4,1
TSLA,2020-10-31,0.0,1,1
TSLA,2020-11-03,0.4404,1,1
TSLA,2020-11-04,-0.02712222222222222,9,1
TSLA,2020-11-05,0.064,2,1
TSLA,2020-11-06,0.0705,6,1
TSLA,2020-11-10,0.12345999999999999,5,1
TSLA,2020-11-11,-0.10606666666666666,3,1
TSLA,2020-11-12,0.3678666666666666,6,1
TSLA,2020-11-13,-0.13724999999999998,4,1
TSLA,2020-11-16,0.26098333333333334,6,1
TSLA,2020-11-17,0.23092608695652175,23,1
TSLA,2020-11-18,-0.032358333333333336,24,1
TSLA,2020-11-19,0.08386666666666666,24,1
TSLA,2020-11-20,0.112275,8,1
TSLA,2020-11-23,0.23446666666666668,3,1
TSLA,2020-11-24,0.18493199999999999,25,1
TSLA,2020-11-25,0.15336190476190475,21,1
TSLA,2020-11-26,0.15876,5,1
TSLA,2020-11-27,0.1346,2,1
TSLA,2020-11-30,-0.036914285714285726,7,1
TSLA,2020-12-01,-0.026223076923076922,13,1
TSLA,2020-12-02,0.005981249999999998,16,1
TSLA,2020-12-03,0.10043076923076924,13,1
TSLA,2020-12-04,0.06447058823529411,17,1
TSLA,2020-12-05,0.08333333333333333,3,1
TSLA,2020-12-07,-0.014858333333333326,12,1
TSLA,2020-12-08,0.10164634146341463,41,1
TSLA,2020-12-09,0.09687317073170731,41,1
TSLA,2020-12-10,0.15917857142857142,28,1
TSLA,2020-12-11,0.09340588235294117,17,1
TSLA,2020-12-12,0.24695,2,1
TSLA,2020-12-14,0.0,4,1
TSLA,2020-12-15,-0.1183,12,1
TSLA,2020-12-16,-0.11903333333333332,9,1
TSLA,2020-12-17,0.2238125,8,1
TSLA,2020-12-18,0.12563695652173915,46,1
TSLA,2020-12-19,0.03137500000000001,4,1
TSLA,2020-12-21,0.3029545454545455,11,1
TSLA,2020-12-22,0.04533714285714286,35,1
TSLA,2020-12-23,0.1798357142857143,14,1
TSLA,2020-12-24,0.134275,16,1
TSLA,2020-12-29,0.14094,10,1
TSLA,2020-12-30,0.10515714285714287,14,1
TSLA,2020-12-31,0.19069565217391302,23,1
